Latitude,Longitude
-86.66825061,34.7110137
-77.78766203,39.13880689
-106.6169787,35.08541973
-111.7454389,40.0307024
-73.4490423,40.7386802
151.3178395,-33.50918975
-74.41627854,41.43282885
-77.00037057,38.89789279
-80.32747327,25.6788938
-87.89945802,43.06023732
-95.37035611,29.60833895
-71.12624406,42.38023752
-77.78766203,39.13880689
-82.55698278,28.02303174
-87.5428628,33.1940449
-82.43243492,38.4192646
-72.44757519,41.85565468
-70.5668887,-33.411699
-78.73535782,42.77337072
-72.8908441,41.41794625
-81.54761215,41.45735594
-96.73987079,33.17772433
-86.87930603,36.49628758
-117.07356944,32.77135089
-81.59353673,41.41172795
-117.76940696,34.09819776
-87.64158234,41.88181007
-73.8541697,40.8057168
-117.6413384,34.1012035
-114.21495098,51.01586688
-77.03547676,38.91195217
-122.32359779,47.64030235
-78.6775873,35.7796249
-117.04683898,33.00316817
-78.4037283,35.67300025
-74.02435297,40.89749032
-115.1837486,36.10403001
-79.96657066,39.64805865
-122.61642827,45.38248159
-79.14509977,40.62542151
-86.79745274,36.11443251
-117.2440363,32.9019125
-78.459343,37.2465604
-98.48699646,29.42989111
-84.21566195,33.80672981
-122.2657221,37.8490695
-81.33793575,41.14949306
-93.58161289,41.71334039
-122.48697694,37.75391285
-73.23519214,40.86376593
-118.6106638,34.1985784
-83.0702451,39.84633439
-88.08555529,42.13186495
-93.58159731,41.71328612
-71.40932192,44.89740539
-118.2823412,34.0216765
-71.01266284,42.23904351
-82.68934132,34.55395495
-81.6319984,38.3474889
-81.17094421,34.13158417
-81.5921404,41.44016125
-75.53382964,40.22670165
-111.84549685,33.57142509
-96.7148819,32.99161148
-77.61510791,37.62006807
-73.90535183,40.88081142
-75.1724607,39.9521198
-89.44289032,40.6013183
-72.4475175,41.8557227
-74.13766542,40.86250312
-79.87221949,36.03488183
-73.92061,40.8281707
-92.15154144,30.19585049
-73.93628541,40.79548797
-97.4191934,37.74386308
-76.4589306,41.0022859
-96.48883347,32.84843225
-117.19990728,33.56982324
-119.0314129,35.2914769
-119.2586136,34.2710445
6.7686087,51.1964201
-81.67716059,36.78046253
-76.67691445,39.18484189
-77.42072294,38.80900298
-73.9841204,40.85257188
-84.67841408,39.20005593
-84.98418775,32.57006084
-77.7957452,38.53071167
-149.5325697,61.31350498
-88.02086608,42.28675961
-84.36501952,33.72833458
-80.55106547,37.13540815
-116.2034882,43.6039313
-96.85329616,32.9989821
-86.45651959,36.98394503
-115.25879449,36.2724984
-112.27049443,33.50971829
-76.9813771,38.8705361
-84.88749638,43.56429507
-84.40926849,33.68247183
-81.78020749,37.78988362
-86.27123331,41.70419351
-97.76674742,30.24865026
-79.80406353,35.75780122
-81.5221068,41.0725434
-118.44483089,34.29695075
-80.04889219,40.49554337
-95.4464293,29.0240724
-91.0950699,43.0496306
-117.34323269,33.29192006
-87.66483812,41.96583371
-83.15419655,39.96404947
-76.34599457,39.54691574
-74.14598269,40.89972711
-98.53807907,29.3371162
-119.61024801,36.73582979
-92.3800293,40.9848344
-91.6304339,37.99472446
-77.0583033,38.83205214
-93.58147837,41.71330351
-77.20025182,39.16101663
-92.34361831,38.89622517
-86.7535266,33.1350932
-91.25025627,30.28115222
-83.2012841,35.9558768
-76.28617227,36.71734053
-92.36686782,30.69344262
-73.93656555,41.71947813
-92.2748916,30.66682345
-87.66483957,41.96583628
-119.19275983,34.28199185
-90.70392447,38.72109201
-80.6901372,32.4465971
-121.7791251,38.0040254
-98.22813267,32.2149054
-97.94884984,29.85087669
-82.11053892,33.45279272
-104.71290867,40.3830623
-118.35281178,34.09684697
-86.57121467,33.3222683
-122.4111355,37.73705373
-74.3152171,40.5260193
-74.1560614,40.9328436
-95.2664164,32.3015254
-90.70380248,38.72101177
-77.25610586,38.67018965
-87.72503294,41.73970973
-123.06225311,44.04638342
-98.53801738,29.33718593
-93.96055344,30.142666
-120.0799275,36.9516086
-87.97033424,43.11109846
-90.70395197,38.72112813
-73.98390294,40.85285196
-84.05799508,38.92075546
-87.28852419,36.55188991
-123.06224724,44.04639109
-76.13192101,43.03470195
-95.99352391,36.1434552
-122.29074989,37.7793195
-77.25610614,38.67019285
-93.00023912,43.66473071
-81.48297409,28.7044196
-92.37936992,34.76941397
-118.20024675,34.02557717
-73.88584807,40.85973139
-114.117875,50.899642
-99.49147312,27.54455071
-99.86597702,28.52894393
-77.41854098,37.69335586
-89.81395538,35.03930688
-77.05826364,38.83201168
-75.4567936,43.83503364
-77.25610614,38.67018924
-75.1606567,39.98169213
-117.45724395,33.9749124
-123.19061993,44.09067748
-101.73786356,34.2116702
-98.6722099,29.4909161
-118.20478522,34.05009717
-96.60101286,32.79635127
-96.34658307,30.6166006
-97.12859558,33.19033249
-84.22198718,35.75635316
-80.2015372,26.0153572
-121.22750547,38.53364484
-95.15750004,29.67874373
-86.57122773,33.32224581
-75.00985806,39.84211119
-122.61682796,45.38227409
-80.85094403,27.22918906
-96.28658507,30.57278869
-76.337239,39.53987799
-111.06307881,32.38847405
-82.54947335,28.74435971
-83.2599809,33.07752469
-74.36244601,39.41596303
-123.06222377,44.04639549
-122.42968466,37.73539307
-95.47155149,30.13942053
-71.91982796,42.06400416
-122.27601817,37.52011742
39.25639426,-6.77817692
-78.901403,35.73916226
-99.4445658,27.59150452
-111.54783038,35.30818318
-76.97265125,39.0588325
-86.03509297,40.80119098
-77.79580428,38.53076913
-95.4464917,29.024053
-119.2967354,34.39856543
-95.8937144,36.0424483
-71.91995247,42.06410694
-85.77108103,38.17401545
-84.52411169,38.23390077
-117.9958884,33.92808342
-118.34777834,34.12478184
18.47534,-34.05975
-80.8113928,34.96760589
-84.86960944,35.20106888
-76.91803142,38.88779912
-81.8837644,27.947043
-80.18316932,25.85640616
-118.45719742,34.16140162
-88.3623224,42.2505405
-86.45705452,32.46190368
-89.53153417,34.36899089
73.06282732,33.71963912
-76.30555436,36.8806979
-98.6682,29.4850412
-98.20037635,26.31311439
-111.9723269,33.52795776
-74.0197406,40.78939595
-121.6973062,38.55693836
-116.18757419,43.59667597
-84.24960155,33.85202053
-96.8147802,33.10477821
-83.3793123,33.9476059
-77.01935407,39.00246131
-71.91981572,42.06404756
-95.25009407,29.54409403
-76.27773284,36.79270864
-77.25610568,38.67018886
-77.03222423,38.91485637
-88.53088994,35.46275004
-120.07452171,36.72958121
-118.24670079,33.97627329
-98.22813326,32.21490613
-81.37648929,36.28789182
-114.21505214,51.01591436
-121.33282064,37.97094711
-118.30747919,34.05660512
-77.51144221,43.11437821
-92.6291928,32.52250767
-97.10248587,33.02054547
-117.61766327,33.65591242
-73.93657015,41.71948093
-97.07672208,36.11749592
-89.79470473,31.25250491
-99.47707381,27.57135658
-96.89859691,33.22546368
-95.15672801,29.67860713
-87.6945801,41.7897118
-88.37862805,41.85928018
-77.26709138,38.843787
-87.54448163,33.20642603
-92.04415888,32.6960988
-81.06926933,29.20655074
-77.26709138,38.843787
-96.12835122,41.19134182
-78.55404116,35.86345502
-124.25522172,43.392633
-86.64172866,36.06813616
-149.82108914,61.20733904
-77.83315351,40.82728239
-70.4629197,43.9561631
-119.6836861,47.09671842
-98.62009875,29.57582484
-84.45248918,39.17056658
-87.6637545,41.9420473
-83.0135325,40.00568179
83.24866161,17.74932254
-80.15986268,25.85188283
-85.87012181,37.69966459
-101.73775136,34.211529
-85.76935004,38.17391854
-73.99552761,40.74669449
-87.40942886,39.41533843
-81.37648992,36.28789385
11.91194553,49.71096626
-118.38104118,33.86924314
-85.76935859,38.17387642
-96.9373921,32.6177447
-76.62391383,39.2115707
-83.6832682,42.648878
-81.49681689,31.2044554
-88.98389968,42.40218778
-77.51113289,39.05216631
-97.92278451,38.06315248
-80.2015344,26.015355
-81.46864542,41.5281997
-78.88958012,33.71264871
-82.09409001,39.32233742
-72.44737804,41.85579326
-120.074389,36.72954908
-97.64093815,35.59729963
-73.92600719,40.84184475
-96.38040561,30.67491585
-121.54409599,38.59121762
-96.85298025,32.52389621
-76.42990572,40.44831014
-94.36016172,32.53472392
-97.73909235,28.40722431
-97.59607358,35.60590834
-83.25999029,33.0775104
-97.92245431,38.06297647
-113.993453,51.029176
-84.29437488,30.43894485
-79.47939373,35.28389356
-119.68373291,47.0967581
-79.0666643,36.4450986
100.49548002,13.73211911
29.02428148,40.17222444
-95.71288574,32.52597875
-77.03484993,38.92225729
-77.2561043,38.67017843
-83.25999029,33.0775104
7.6939155,49.3577457
-119.04776926,35.33181152
-113.99191992,53.51520795
-70.9033692,42.5634436
-96.34794144,30.62720863
-93.96032637,30.14267069
-114.18372627,51.06961711
-99.8576206,35.22278199
-73.98912573,40.73371145
-76.6126163,39.26779116
-78.74013604,35.40574882
-90.1193473,29.9467577
-87.69172796,41.91431898
-77.04011399,38.99489021
-114.65093203,32.68374766
-115.28607398,36.01484425
-86.44431738,35.75041437
-73.9023614,40.8715682
-95.10357026,29.50135856
-98.6682,29.4850412
-105.57008578,48.09509306
-88.23371332,40.11265725
-85.76672508,33.82134819
-78.90112209,35.73926442
-89.53705539,34.36945514
-119.82600004,39.5403141
-74.1560745,40.9328341
-84.48995084,42.73506898
-75.12029361,39.7185818
-119.86731014,34.4204568
-93.5879579,41.7657452
-80.55228118,37.13851939
-98.5602675,29.4476201
2.39057051,48.83665786
-83.61987234,42.24106093
-76.30574995,36.88062956
-121.37221173,38.614562
-99.05425024,19.32505215
-115.77192024,40.83548674
-122.38127735,45.51481805
-104.85216311,39.70931489
-120.07450747,36.7295797
-73.85913603,40.89308647
-86.47735718,35.95254521
-121.4446507,38.5782914
-80.23086631,26.72350621
-84.38757654,40.53329784
-82.09669626,29.18617392
-122.74790133,45.82118517
-73.99914555,40.75178458
-83.92719115,35.96019002
-99.7649875,32.4349967
-92.45734518,42.51823338
-110.70214639,32.08832986
-73.98965759,40.83708443
6.0502405,52.5244715
-111.00329553,32.41685157
-97.71486067,30.41190161
-73.9975695,40.7424669
-73.94001843,40.72364081
-122.17009659,47.13977038
-77.04327906,38.89673875
-83.24077202,33.08526955
-89.699381,35.087671
-80.34447211,25.70618743
-81.54762464,41.45739684
-73.4490104,40.7387055
-94.42979898,39.23841426
-93.23141813,33.29061806
-85.53409595,42.31766246
-92.1515395,30.19584803
-73.73713022,40.95176054
-95.82676151,36.28449473
-76.60269373,39.39379535
-106.24854762,31.62183047
-93.23141813,33.29061806
-122.0438802,47.583745
-90.0831391,29.9758634
-78.87523913,36.66725895
-84.31625013,33.75275061
-83.77040484,33.58104696
-105.57012084,48.09505722
-121.33968542,38.6535281
-75.10134179,40.00693557
-82.11483942,29.95824812
-118.11905012,33.91189224
-84.3792274,33.7337726
-97.13173676,33.21177362
-73.4490358,40.738678
-112.01338593,41.07122156
-117.40389087,34.09707764
-76.85511815,39.0989986
-122.40631356,47.12106039
-117.17771906,33.56767101
-84.1480064,35.9057968
-118.60011578,34.22518063
-90.40836837,38.58564396
-91.1208262,30.5042025
-88.97648262,34.50782878
-74.1079216,40.58452
-81.5171539,41.0726255
11.58561958,48.14758618
-95.20542515,29.66681626
-118.3616184,33.9054119
-74.09416116,40.61352414
-115.77199861,40.83534127
-84.48999319,42.73514004
-84.1119583,35.8915176
-93.67397434,41.57780547
-97.06929219,36.12625455
-88.0665511,34.1019062
-118.36317701,34.16338382
-119.0805052,35.3337134
-86.2937084,32.3635692
-79.21186818,37.35760374
-93.58154179,41.71329719
-117.86269251,33.64491711
-73.76493568,40.68335356
-88.04433209,42.09495168
-79.98250126,42.11727914
-74.09409514,40.61355558
-91.23527227,43.81483749
-93.45110336,37.1192854
-122.61479251,45.69536562
-96.80189515,32.79638727
-122.61471898,45.69537881
-77.31159176,38.83409175
-93.65812003,41.60250839
-82.42073669,38.42048359
-82.63145892,40.88764838
-77.31161029,38.83408585
-97.75634666,32.42846568
-96.35735896,30.62670017
-97.19166058,33.44319278
-80.0251774,40.4367922
-88.21181025,41.7493914
-84.3610875,33.9212912
-117.4789309,34.1276322
-97.75633302,32.42845991
-121.30951695,38.7705767
-122.2740479,47.4817181
-74.09408979,40.61353729
-122.52271193,48.77745649
-122.6227117,45.52737771
-80.26244335,25.70897215
-101.47669513,32.23560882
-90.25751874,32.33312727
-90.2577307,32.3331009
-96.76932106,32.86020029
-121.47322727,38.55191239
-83.6399732,41.3778863
-78.5726369,35.8514853
-79.96223645,40.43915323
-83.24453209,42.28539873
-122.4150994,48.7613486
-73.4753478,40.6638191
-74.09409588,40.61352716
-122.25700616,37.88044442
-94.64511284,31.62327862
-79.41705514,43.66450422
-80.13470247,26.03813753
-77.02690954,38.90354237
-115.245172,36.21286495
-77.2300033,38.86167356
-89.79468629,31.25247101
-81.22133818,29.43068095
-76.8825,40.26
-70.93274927,42.4765835
-76.47723521,39.10022667
-118.09969979,33.9063667
-81.5171539,41.0726255
-91.23528279,43.81483514
-118.03897611,33.96952846
-77.08836213,38.93804338
-93.2305905,33.28990992
3.34986,6.57737
-119.82718711,39.56191225
-95.24614552,38.9448072
-117.89851645,34.13263899
-121.30954328,38.77069212
-84.49017079,42.73509367
-90.32204462,38.80178078
5.73888016,58.96417236
-119.73089059,36.81238612
-90.01480115,32.28848971
-123.20980658,44.20900657
-116.9433704,40.6382021
-119.8272,39.5618221
-119.82721746,39.56187241
-90.23459908,29.98506945
-117.97510756,33.9434031
-96.45111996,32.72952366
-118.15020912,34.14865642
-119.82727948,39.56192228
-84.2913308,34.1066089
-93.23097624,33.28993079
-119.82723193,39.56184855
-96.3251067,30.5912566
-118.26104773,34.077784
-123.2100256,44.20862545
-122.16234476,37.42683735
-87.90968018,43.04137104
-118.24533538,34.05161048
-121.11044707,38.93958076
-0.093905,51.40538149
-87.0579376,33.68368975
-119.70444964,34.4293283
-119.70444459,34.42938974
-122.42674552,37.79797901
-123.2100891,44.20874368
-75.16645509,39.93997834
-73.99482907,40.63985016
-111.74366588,33.33542513
-78.9902665,35.96923526
-84.55113805,33.87288113
121.14227543,14.58976995
-86.47731992,35.952549
-121.37557687,38.42866149
7.4950357,9.034622
-91.18195429,30.41837936
-115.160901,36.1383348
-105.28119475,40.01204517
6.0032711,51.1906426
-74.16418367,40.72358549
-120.3112345,47.4108369
-122.78917094,45.35460354
148.95664516,-20.34622274
-85.76035059,38.17874667
-121.11034658,38.93962404
-82.5743264,27.435802
-82.29381702,35.37342032
-73.829009,40.850465
-118.35954719,34.17290176
-97.86272144,28.82920615
-73.99474894,40.63929623
10.3808218,43.7133797
-117.70624137,34.08654842
-93.22950144,33.28976902
-2.93951949,35.28495684
-118.30787492,34.07317822
-90.23431141,29.9849309
-73.92350439,40.81969083
-99.45544895,27.44990949
-0.12406563,51.53092704
-118.15843709,33.76869332
-89.40685689,31.14123536
-88.3923042,44.22759015
-96.3810601,34.02460387
-74.69022644,39.2218373
-118.46440924,34.02258926
-122.20549058,47.66400717
-73.99472857,40.63929363
-122.04576386,37.63372623
-73.99473734,40.63931084
-117.38577965,34.47599364
-122.50670919,37.74020036
-73.99475045,40.6392969
-93.42206275,44.84471214
-118.1998649,34.08314272
-96.68254324,33.08685187
-119.98321407,37.03555672
-73.98518941,40.72759266
-95.87205366,32.57424974
-73.99477157,40.63901749
-106.1193774,28.5851319
-121.30938843,38.77067377
-118.19990739,34.08317802
-73.99477157,40.63901749
-82.46817131,27.94902603
-118.11173353,34.09654164
-73.99479914,40.63904196
-86.47562701,36.95778604
-118.4134442,34.1960276
-121.7851762,38.55431185
-84.46340458,42.72446923
-93.65691479,41.60376215
4.68855909,52.01671805
-0.1066753,51.4633472
-118.31648618,34.11833722
151.00090393,-33.88228237
-75.15007701,40.06260304
144.75118772,13.37169795
-92.62920871,32.5230007
-89.12875112,41.59168553
-117.14244593,32.64356794
-90.34484214,38.80822786
2.3315725,48.8535746
-96.5922815,39.2474628
-118.31654302,34.11827699
-98.48665864,45.46081922
-3.20364897,55.93962236
-5.8848198,54.5911722
-88.6272012,41.650153
-117.09542362,32.5867848
-117.76848067,34.05752074
-122.33230753,47.80940842
-121.30769311,38.13088254
-2.10410387,52.80833603
-2.10410268,52.80827059
-122.39897575,37.78916685
28.97181019,41.00547032
-88.39227922,44.22763608
-118.44459037,34.19306942
-80.11817955,41.86931665
-86.00257575,33.95470594
-80.11821552,41.86930781
-91.729376,35.24618955
-122.2699383,37.8409098
-88.39219381,44.22721552
80.92176,26.84029
-0.6401135,51.3952217
-96.951365,32.6635712
-86.09818761,39.97080797
-2.10414453,52.80831448
-1.14267207,52.62617049
-1.5461517,53.9891644
72.97326765,19.22238365
80.92223,26.84031
-158.0321273,21.3404843
-121.89176639,37.3324843
-121.89176639,37.3324843
-87.62626724,41.88804564
-90.68689193,42.15293668
-118.15843374,33.76868217
-93.22936807,30.21684933
-117.6639793,33.4859112
-114.48788872,42.59622411
-119.72207559,34.39971027
-117.22711377,32.74984973
101.05873758,13.84620026
11.58561958,48.14758618
-121.92388401,37.36548424
7.65810449,49.47375535
12.06277648,55.8413788
-85.892404,38.065112
-0.1146931,51.523971
-80.23129549,26.17032004
-122.25245605,37.86714128
-83.89077197,36.04952821
-6.17867956,53.29031416
-83.04848769,42.33312717
-118.44502306,33.98632425
-118.26148844,34.07369831
10.09375,3.82281
-6.21857897,53.34274204
-9.06026691,53.26709884
0.12161447,52.20401673
33.31653748,35.16486724
-155.8103957,20.2400881
-87.65837781,41.99311345
-75.90078761,41.272474
-112.08553749,33.50705344
-112.08554763,33.50705296
-111.93353619,33.42315512
-81.31143634,28.46367628
-111.6138353,33.38114733
-71.26974938,41.53822519
33.31630529,35.16487121
-94.07597916,30.03896349
-76.660786,38.75031685
-71.26974709,41.53822546
72.5636426,23.0126676
-88.52261035,30.42689079
-86.85174498,36.03025056
-4.28692622,55.87152706
-0.392664,52.30119116
34.7740621,-0.6703715
-86.15650321,39.76690667
34.7736113,-0.6771712
-92.186616,32.5075862
-71.0603,42.3583
-118.30669074,33.99588577
34.7720076,-0.6745677
-111.61420005,33.38126746
-122.29586271,47.32149904
34.7720908,-0.6742826
-86.64170536,36.06820157
-83.34649346,35.07068908
-81.06917109,29.20658168
-4.40065314,55.92810517
-4.40049422,55.92797566
-88.36089905,41.70184758
-89.25572667,43.08660593
-117.11155516,32.92460433
-76.62237,36.78157
-84.54101786,34.21062953
-122.29350337,47.32699962
-158.02685475,21.32832615
-85.1697296,39.6399676
-82.1945131,29.1560829
-77.33645129,37.33634061
-83.21318627,37.26520545
-73.8747723,40.71317725
-73.87469946,40.71305236
-116.76372335,47.67272833
-73.95006205,40.8090654
-73.98246847,40.72041535
-84.56229531,33.39978455
-86.6801625,33.4700448
-84.56198746,33.39981572
-97.9893346,26.15336549
-78.4347414,38.1115872
-80.69074871,35.03408158
-73.7898872,40.6941072
-76.6718286,39.2829559
-87.62626724,41.88804564
-73.98246812,40.7204184
-97.714961,30.3711786
-84.54093828,39.03430172
-84.75867089,34.02348428
-84.88312346,35.17317474
-84.48514014,39.1222335
-71.3011105,41.9645039
-95.54369688,30.69410563
-76.8385281,39.1491229
-87.40452013,39.39934939
-82.99527267,39.96378925
-84.39455207,33.76885421
-99.0705881,38.8669159
-88.3991034,42.1896158
-85.20265527,41.13427204
-76.30854967,36.84460171
-84.75873442,34.02354609
-84.44433491,33.64009644
-87.6971385,41.9145346
-78.3700984,36.0339036
-82.39988398,34.84831141
-76.77058937,38.97688358
-86.10771499,39.98918689
-83.04848769,42.33312717
-80.206353,25.9340969
-81.57546069,30.17844341
-82.39696907,34.85680367
-76.31080037,40.03390142
-73.6258203,40.7034057
-85.5020299,40.8993899
-73.98222864,40.85416007
-73.9485193,40.8297032
-79.94914155,37.33357615
-78.23022539,41.51184049
-122.29638291,47.3214139
-82.25150678,27.87007147
-82.96758778,40.03073938
-80.18460657,40.27070928
-96.61655462,33.01915761
-91.2339276,42.8632799
-122.29721522,47.32156941
-87.90968018,43.04137104
-74.2041326,39.9645559
-83.49250227,42.46336548
-79.9681425,37.34870338
-82.99527267,39.96378925
31.3245879,30.1358807
4.0109398,49.2298774
-73.94684508,40.62488179
-74.07250953,40.64516041
-80.8723407,35.2428881
-111.9630022,41.3080196
-71.400205,41.8770237
-97.23833447,37.56327636
-97.6845108,31.0646404
-75.16477332,39.96300796
-72.7983915,41.5448386
-93.32333207,44.87747956
-118.18505592,34.47189631
-97.5110842,35.31536983
-79.9222996,43.2523766
148.9563216,-20.34596694
-73.93839579,40.79390603
-97.37269558,32.6482944
-84.5493302,33.6662422
-97.36513063,27.70581891
-81.53954597,34.97824315
-75.16475796,39.96301035
12.47456372,41.93085012
-83.6525089,41.055523
-75.16474884,39.96300228
-77.0061006,38.637334
-74.16507818,40.54387626
-79.9561883,39.6389464
-4.29978783,55.87015868
7.65815759,49.47371981
-82.09909498,33.53007743
-80.21145702,25.9188831
-102.13399209,32.037792
-87.64159222,45.08510066
-82.9743768,39.1273909
-82.29444986,34.84174817
-94.1338822,36.19881688
7.65822135,49.47375876
-80.93548771,27.79498343
-95.47234958,30.15427434
-76.28763556,36.84823845
-77.50690793,38.9124439
-84.25140842,33.81896184
-82.39988306,34.84888467
-84.0633385,34.9779524
-81.71319459,30.08384053
-97.4230629,35.44742579
-76.83462675,42.2654844
-81.0975734,28.7538746
-73.61728765,45.46923706
-98.25841368,19.05637312
-75.04960432,40.0572616
-92.65480783,41.46914388
7.45221,9.10955
-82.45162234,28.08795064
-97.38118504,32.68132425
-81.70921507,30.17055364
-115.13946676,36.16144999
-74.0534888,41.5615376
-95.03903223,29.50889254
-96.8701585,33.1924012
-98.52991074,29.61091682
-84.33866032,33.8654606
-8.56944736,52.67794322
-91.01921705,43.69981354
-80.05999269,32.97628077
-82.82117201,41.65129486
-112.09379298,33.46889822
-81.46034271,30.3108848
-73.98336573,40.76744159
-77.12550755,38.81479818
-74.69819581,40.22002865
-75.2675248,40.06076028
-73.98320405,40.76761576
-81.10814727,28.1547406
-119.77668674,39.08880359
-85.83342347,41.58534941
-97.20443969,37.70186657
-89.35189067,43.09500413
-76.87344236,40.28573946
-104.99459343,39.74601199
-76.75710244,38.97328877
-84.9702521,32.5010185
-83.01396473,39.99394742
-77.03733586,38.90181532
-77.03680499,38.91130684
-73.94886712,40.78446989
-86.81979236,35.94497971
-74.11855658,40.74863522
-77.04002087,38.91419409
-77.01486807,38.88643433
-80.8722966,35.2429501
-104.98660365,39.84901198
-71.79559341,42.21948676
-87.19223326,14.084863
-87.19067699,14.08421755
-75.4484161,43.2314489
-74.23356892,40.73419288
-86.17989359,41.6972401
-90.7439432,38.83897121
-0.16419578,51.49853047
-72.60273974,42.12153034
-81.9048168,30.0323078
-70.9207123,41.8786941
-88.79329064,35.7202426
-84.18203616,33.46454099
-81.25476345,28.43356376
-81.9048168,30.0323078
-87.19067699,14.08421755
-80.53931795,37.13510086
-81.9048168,30.0323078
-81.13833615,33.9349634
-87.68089625,41.95070438
-80.86023718,35.10893342
-81.40617807,30.27041507
-93.83856452,41.62243322
-83.21452467,42.25243638
-76.81056647,38.95320128
-80.12500838,26.27277446
-83.58679025,42.27119859
-94.77191191,36.58732062
-77.255486,38.827627
-86.07523124,40.03653698
-92.12562775,32.49795845
-92.92829011,45.36713246
-81.40623509,30.27047049
-98.540031,33.9002967
-83.68999818,41.7336559
-81.9048165,30.0323069
-75.17614366,39.96489165
-92.33486589,38.91343573
-80.18689653,25.79208
-81.9048166,30.0323065
-88.70675889,42.03984139
-80.81960017,35.1824726
-81.9048165,30.0323069
-97.40425168,27.71236682
-95.65344565,29.7312732
-74.00908863,40.71372267
-98.20050504,26.31154742
-78.71076322,42.81185073
-81.384813,40.780425
-118.1916033,34.8540934
-97.6125357,35.2809144
-77.01838684,38.90107727
-76.98227285,42.85859657
-77.30653137,38.82999759
-85.83352248,41.58549021
-84.3640683,33.85255277
-83.58677373,42.27122067
-77.04905318,39.03803512
-77.08464314,38.89162878
-82.19311453,34.77255804
-81.76710611,32.39090536
-95.65672334,29.97628826
-98.64958903,29.51739458
-75.48965852,40.55657992
-104.95468528,39.89773043
-87.67591905,41.96970661
151.19670155,-33.79658554
-95.95001869,36.15434902
-87.67916355,34.80892799
-92.63389634,32.51719613
-80.75953882,35.41282701
-90.1400244,31.5498266
-73.4893329,41.12836806
-77.08118267,38.89870547
-74.7277534,40.2226148
-77.02084441,38.92176373
-81.29957871,28.97163746
-64.7100568,17.7461874
-72.92721752,41.30420024
-95.50845219,29.69151956
-64.7075964,17.7450234
-80.8722901,35.242965
-77.49333353,38.80863007
-78.33026284,34.97284526
36.7434771,-1.2891103
-101.91744216,34.96973259
-83.9434685,33.88123149
-122.05952461,37.67238501
-75.60523,45.42568
-73.9190368,40.75994587
-64.7075964,17.7450234
-80.84079342,35.22483977
-71.54109056,41.81701208
-81.68297668,36.21275307
-86.55908064,34.61830416
-118.43172738,34.02733762
-86.55907584,34.61830828
-87.66046506,41.99991699
-86.55908549,34.61830875
-97.23477589,37.7649765
-98.78094505,28.67251912
-86.55908654,34.61830386
-77.15756706,39.11194127
-93.05238301,34.12628005
-76.9599714,40.19664934
-87.62626724,41.88804564
-96.81540424,32.91014217
-88.0977281,42.404211
-76.15268642,36.90483453
-74.31354207,40.2370847
-74.33170029,40.61983217
-71.16632391,42.70908014
-84.08318492,34.49135151
-86.55891099,34.61839371
-84.750623,39.29722822
-73.93333402,40.69330033
-78.87296208,35.74157312
-74.08992534,40.95118168
-84.46161186,33.61813057
-81.97783035,34.92428286
-76.31556718,36.88594099
-97.41089263,35.88150838
-80.36963951,35.36422374
-104.98251775,39.77229716
-95.44409104,29.77079456
-86.19144676,39.88758272
-77.07117371,41.80263136
-76.8325447,39.1277163
-97.2511319,32.5585525
-87.62398874,41.86158051
-80.1003367,40.67725315
-111.83275891,40.43872596
-77.00347195,38.89176708
-73.05876066,41.92290124
-80.14434385,26.83204728
-82.47178515,27.26978012
-86.15327411,39.75745815
-85.44932215,31.22690304
-121.99850606,37.05460657
28.28047693,-15.41078113
-73.9796686,40.75486768
-74.06091853,40.22255747
-111.62429444,33.36255905
-71.46654427,41.74892592
-83.33060145,42.43770857
-72.89845547,41.40411413
-74.06116336,40.22250853
-76.90077781,39.02070165
-75.16645509,39.93997834
-78.71075186,42.81185738
-86.18795084,32.38131572
-73.64792975,40.800856
-98.56811068,33.86930604
-77.98677,37.7279591
-90.45218469,38.58406892
-81.3909731,28.3077754
-83.7461331,42.28429609
-106.54023739,35.05326445
-92.97100781,45.10712743
-81.6636283,35.2410849
-87.5719543,41.7654937
-76.1468615,36.8815768
-86.80957721,36.1527199
-71.08386799,42.35050844
-73.84199524,45.64376831
-76.75716087,38.97329265
-81.71916744,41.02641983
-76.35150428,39.99491792
-75.16466263,39.94849748
-69.9322847,18.4826662
-84.13368598,33.93873905
-92.97124961,45.10713707
-76.35163726,39.99491138
-106.37181709,31.78887325
-92.89464198,42.05595509
-76.35139612,39.99491097
-82.99736409,39.96472253
-83.24079615,33.08536969
-73.23425377,40.74151193
-74.08544539,40.70550892
-97.14235493,33.174947
-97.14231898,33.17504544
-74.08553534,40.70530325
-77.82638208,39.3125215
-79.18155005,40.60276829
-74.08556594,40.70529361
-98.65062422,29.38780055
-83.04848769,42.33312717
-78.5124996,38.0249475
-86.88225031,40.33870764
-81.1570091,34.0720234
-73.79470725,40.70802276
-84.34909444,30.45781434
-122.2332455,47.3474997
-84.4874496,42.77452772
-122.3287819,47.6609385
-122.9155467,47.0179027
-78.72613696,35.89774337
-73.99258607,40.75517668
-84.48738439,42.77454063
-89.64619846,39.80371145
-82.52766068,40.07827518
-77.0381291,38.91421342
-75.35501121,39.86226585
-75.60466434,38.3452948
-101.70572252,35.21867377
-92.4550199,31.2391625
-114.1688402,46.9641046
-95.75043753,30.20741597
-73.8213851,40.7303798
-73.54259798,41.04675873
-118.6137334,34.16240656
-80.25805905,25.74887649
-121.87153036,36.96587698
-80.70185056,28.19949406
-84.58559414,34.03900055
-79.18156487,40.6027716
-97.74258574,30.28783637
-80.70165139,28.19952669
-79.39622208,43.67375827
141.3632462,40.69510572
-122.13052746,48.06363661
-90.46988034,38.76940927
-75.1274188,39.968329
-79.69176029,40.44693682
-76.19462852,36.80109782
-77.0077721,38.8866947
-72.66903132,41.2890923
-76.1947044,36.80112679
-122.48166949,37.72398894
-104.9754863,39.7336136
-73.4489791,40.7386822
-121.87442055,37.26335328
-95.38987622,29.74311454
-79.16115336,40.61702021
-77.1142999,38.83947
-83.05093446,39.92708983
-73.96925877,40.67538065
-95.93671602,41.16301002
-73.96685067,40.5777169
-83.03130889,35.53153706
-98.1690035,29.30298483
-73.12726672,40.91557955
-76.47341784,39.04854081
-87.3918672,41.3768322
-97.41303496,32.88009252
-88.91049879,39.88091906
-98.65069647,29.3879739
-77.01462326,40.16589949
-97.35902875,37.6962274
-79.98265903,40.44292311
-84.7252606,34.3111139
-74.0652643,44.9279503
-82.65690632,28.18250019
-119.65868872,36.81990668
-121.87148592,36.96588787
-81.51342185,41.07562635
-73.965637,40.71052001
-106.32307948,31.78587782
-97.9299328,38.0650248
-119.88845545,39.53753826
-96.80209128,32.90895464
-121.40076817,38.61824367
-74.19168548,40.72830667
-97.9479842,29.89980962
-70.96607272,41.98853395
-89.56401581,34.37015422
-77.04274624,38.91186493
-77.0290869,38.9170274
-121.97732414,37.40182314
-84.36260134,46.49203792
-118.11650276,33.90190897
-78.71075016,42.8118553
88.30714786,22.50614795
-90.59499645,41.54150945
-71.03415571,42.27880713
-77.029,38.8991
-86.00705331,39.85268211
-120.32943947,46.38370081
-83.9278248,35.9704642
-81.7051267,41.3996958
-88.2907544,41.631102
-89.22160574,37.69507
-89.2214861,37.69503628
-89.22152345,37.69505073
-77.46438661,38.88464231
-89.22158042,37.69504062
-73.91570753,40.77638126
-81.7051267,41.3996958
-73.91572253,40.77643822
-109.73724297,32.82385396
-85.62639911,38.17779065
-86.47719844,35.95246833
-106.41348283,31.87885065
-96.71037851,40.82754545
-86.00710093,39.85260675
-90.52630261,38.53129777
-90.3360469,38.7128532
-97.07227714,36.12547271
-122.5522731,47.2193957
-73.95682087,40.76568005
-83.23180421,33.0736803
-122.24921169,47.48026402
-80.10048931,26.36374986
-77.49746675,37.58020568
-97.0594152,32.6282572
-87.6257489,41.8674185
-81.2996236,28.97163554
-110.89157095,32.2693912
-83.2195421,42.4880204
-110.89171506,32.26928222
-74.227243,40.605703
-121.97828922,38.51910966
-82.5320796,34.677528
-87.64860616,41.91028889
-86.4770518,30.5125604
-115.25904693,36.25383654
-95.53849423,30.00657963
-87.63827948,41.87727905
-88.21416691,42.20367975
-73.22528409,42.45985579
-88.96319496,33.13063192
-78.49263283,40.02973896
-90.50837385,38.46015053
-80.8722249,35.243036
-80.76003056,35.41239337
-87.64442,41.88649
-75.04312025,40.1811798
-86.75681736,39.29034433
-117.91828185,33.87548754
-87.76129309,41.71488301
-81.40638933,30.27054126
-84.2955102,34.0459713
-71.0348495,42.34426288
-86.1587413,39.7592012
-104.44946124,38.92739561
-101.70592298,35.21882472
-86.8087511,33.5034271
-78.87717007,42.95493503
-94.17974289,30.08525206
-83.00075068,39.99722903
-118.44114104,33.98193066
-84.356322,33.738433
-85.97302234,41.68302001
-86.81887949,35.99651568
-81.40312331,30.32654224
-98.59652105,29.45924163
-80.1892526,25.7627129
-111.826178,33.331295
-86.69005313,33.39152038
-123.12543997,49.27382841
-123.10869405,45.52148361
-90.69797734,35.8005682
-97.25687548,32.54864505
-70.5154133,43.66218325
-89.02930755,38.21263082
-97.1327808,27.9590975
-97.71405,30.63605
-71.0872269,42.3464017
-80.35688,25.7389679
-79.93779983,32.78640241
-86.47732459,35.95254247
-112.01271305,33.41139008
-80.93955075,35.13809882
-96.73708945,40.79845424
-77.05027156,38.89782989
-81.30307725,28.25889789
-81.689263,30.315446
114.17225778,22.37772749
-81.73523091,28.659138
-81.3030666,28.25888896
-110.9713447,32.2443887
-78.84691364,42.79222362
-82.2962669,34.7557999
-106.35685098,31.79415672
-95.3645562,29.72389688
-74.14760233,40.75448683
-84.44138532,33.66154104
-71.03507684,42.27856461
-75.60871673,38.34472752
-86.78916448,36.16100309
-83.81705266,39.75206247
-90.19714487,29.97770168
6.2036335,52.14520797
-87.7296856,41.7973583
-111.64812174,40.25450184
-88.20507926,42.9885089
-79.96395266,40.43464993
-78.97595129,38.38249596
-81.50806565,41.18454471
6.20362929,52.14520558
-96.73714712,40.79845922
-111.64804175,40.25456272
-87.79581073,41.82597535
-120.57644132,47.00929769
-96.02829721,41.2490955
-115.13946676,36.16144999
-96.35278084,30.59767182
-84.19100361,39.6372588
-77.46436587,38.88465382
-73.65158497,42.74188591
-73.60854127,40.74655885
-88.20525736,42.98861551
-76.885019,39.13942296
-118.2817781,34.1025216
-71.54260066,42.19982284
-75.19557104,43.11697524
-70.85499097,42.82616724
-87.69485139,34.74925059
-74.03448353,41.50902394
-117.1236664,33.5531197
-111.92517805,33.41561667
-81.77031278,32.40303369
-88.1445787,35.5574887
-83.92811161,35.95831157
-88.28476272,40.11005137
-80.38693285,26.01145511
-80.3568818,25.7389046
-79.55540977,40.300592
-92.41843715,34.7518919
-78.99871839,33.68460427
-78.51751146,38.02697563
-88.1445787,35.5574887
-82.19441235,29.15614843
-87.2162029,30.541739
-121.35888937,37.76512092
-95.24143982,29.67576027
-77.75512443,38.36849608
-122.437147,37.7792922
-118.05852907,33.86665913
-92.41840534,34.75194698
-101.6355722,21.1124399
9.18368933,48.79282255
-79.82099984,36.07731555
-78.51750981,38.02698985
-83.3851257,42.4971168
-73.71425445,41.0287089
-73.97301347,40.79527817
-87.90584774,43.20169079
-76.13588019,43.04455032
-78.9293882,33.75623252
-84.48531223,34.15915985
-72.52806253,41.59833528
-88.89440523,34.37132133
-71.02331843,42.23566539
-74.1271419,40.6655997
-101.87458319,33.58412305
-73.4367184,40.7339207
-90.46897882,38.69052887
-122.03218,37.322998
-104.80664226,39.67410801
-112.00808753,41.29560706
46.98970594,-25.031844
-72.59634183,42.55917134
-73.57832406,45.4989248
31.03464,-29.83545
-70.85484451,42.82607194
-96.99827419,28.89368578
-81.19823707,28.60134486
-97.3882392,31.09122746
-86.77932908,36.15009743
-122.11822964,37.99356061
-73.91378727,40.69353922
-118.30780016,34.08415775
-123.80880537,45.45354024
0.04788806,51.54914863
-87.8619575,41.8703596
-77.08125763,38.94959397
-72.76577669,41.60896141
-98.10270691,29.73558361
-74.02067014,40.61780058
-74.02068648,40.61779941
-121.80232775,37.66828417
-74.02058475,40.61779274
-83.92201206,35.96523976
-74.04658342,40.76644934
-80.42248368,37.2311306
-118.07177636,33.84784278
-98.64787321,29.42498996
-74.04643661,40.76633616
-74.04643225,40.76635251
13.730408,51.072319
-74.04640082,40.76636412
-76.5486985,39.3734799
-80.82758746,35.01993378
-81.19572569,28.60345827
-84.3039996,34.0450754
-74.04664726,40.766369
-4.02144,5.32578
-83.64260632,41.38014763
-81.07364561,33.98212562
-74.04645246,40.76627435
-83.92202112,35.96522737
-74.04636277,40.7663484
13.730383,51.072262
88.3089341,22.5071783
-122.44520111,48.72177049
-97.85627764,30.36756363
-74.02064189,40.61788109
-96.92409952,32.83371134
-74.0463973,40.76625721
-121.22538354,38.7496856
-86.37837326,39.69460571
-97.85652372,30.36748645
-83.73957825,42.27755737
-78.92961101,39.64782306
-96.48246768,31.67925449
-90.31124052,32.26176891
-65.823295,18.374615
-88.03955177,30.69344581
-74.04629102,40.76633658
-80.82741665,35.01997265
-74.04629102,40.76633658
-119.91587525,46.26353712
-80.82750866,35.01995901
-79.1399393,33.4313344
-82.40733513,34.86703295
-79.14410423,33.43037322
-117.55227374,34.51079614
-74.0205792,40.61785662
-97.38858336,31.09120072
-101.8466984,35.187211
-149.83827322,61.14092331
-74.78373748,39.99710002
-87.54916898,33.21347425
-97.93756662,30.67494248
-97.47728191,35.25739388
-84.2955102,34.0459713
-89.03889241,33.13754147
-90.31113611,32.26194815
-65.823295,18.374615
-83.92504502,35.95652143
-71.5756474,42.34248379
-83.18051713,35.31114221
-76.13387777,43.03858592
-74.0206859,40.61776949
-4.2374296,55.8604806
-65.823295,18.374615
-78.72662444,35.71632803
-74.0206807,40.61779455
-73.4489862,40.7387087
-89.33766715,43.10073723
-73.93989362,40.83242259
-76.62695705,39.18643337
-0.26666765,5.57532499
-70.88826316,42.16604245
-97.88694551,36.38058329
-76.19033323,36.91604203
-71.23923254,42.59215944
-83.62801739,32.83128733
-111.89906063,33.58303312
-0.13016,53.56592
-95.21971252,38.9383999
-70.93209791,41.69513787
-93.44207196,44.86081544
-70.3480908,43.5791886
-5.41116831,50.19089358
-97.74219532,30.26956629
-82.09330339,39.3229375
-84.32860181,30.44976908
-121.30769786,38.13088207
-122.1583968,47.5102863
-93.43653169,44.86103307
-90.31110762,32.26192666
-97.52519,35.46674
-85.39742181,40.20210259
-118.30064187,33.73195977
-0.17606424,51.46157984
-74.02060493,40.61786592
-83.5079663,42.92532118
-71.085447,42.3340855
-95.87001813,36.06990889
-80.22983193,36.6011317
-122.0562447,37.6558352
-96.16677362,42.78942999
-84.12377248,39.6812802
-74.02059454,40.61786952
-83.98607122,34.52721773
-86.9827726,33.4918284
-71.1191571,42.3529019
-118.39618206,34.02079494
-74.0206061,40.61784714
-75.17435514,39.95374141
-81.0256026,33.99874721
-121.89176639,37.3324843
-8.477191,54.270319
-75.48080032,40.16065567
-71.67358043,41.93896467
-97.52127841,35.47949233
-80.26877453,26.17526876
-84.2955102,34.0459713
-80.10786046,26.88367394
-92.89463408,42.05595594
-78.4759928,38.0306787
-84.1895871,34.0275239
-84.8773768,34.1676905
-76.6109,36.77997
-76.2916302,36.87593174
-72.4483748,41.8645462
-84.39438862,33.78357055
-77.01083163,38.8893834
-73.38080764,40.67236841
-74.95792248,39.94085168
-73.97789946,40.78657432
-84.5049798,38.03248203
-84.53783912,42.74319113
-95.48106896,29.72217856
-104.9824763,39.8256194
-101.86989995,33.54557591
-75.20801685,40.13445654
-115.2789356,36.189087
-74.57212807,40.65184853
-97.11541501,31.55419787
-79.94183307,40.44159257
50.0737588,26.7140147
-76.04882187,36.75461384
-77.23439668,39.83630618
-104.81218534,39.98199741
-71.22895001,42.303292
50.0747742,26.7131754
-84.38299826,33.87696756
-112.34360501,33.48113169
-73.97788542,40.78661417
-111.76928555,33.21193857
-98.2131943,32.2149427
-82.90892075,40.11428577
-74.80422721,40.12268974
-79.46861245,43.79708123
-117.07192287,33.13176094
-118.46218812,34.05310458
-119.7972328,39.5705258
-76.2303117,36.7765063
-84.42451077,42.71949914
-97.6006748,35.6061607
-88.2188551,35.5297124
-91.18163072,30.41327181
-97.1841868,31.45780573
-118.46213892,34.05314444
-73.83401389,40.91086753
-105.04143019,39.82598777
-89.7820431,30.3132189
-97.05881564,32.62335845
-71.00436532,42.23723272
-118.27265343,34.0109571
-76.95254581,40.23436835
-71.09134629,42.33506146
-71.22895001,42.303292
-80.83774412,35.20357614
-79.7984212,36.13618224
-89.4970359,34.39965041
-87.8702402,42.972664
-89.49673135,34.39988089
-96.65434938,40.75634803
-74.34713328,40.65196136
-98.521,35.3091
-89.49705917,34.39969747
-89.49699036,34.39945282
-111.91253856,33.36248366
-71.47711256,41.39439481
-84.26469929,34.08687631
-109.73722955,32.82385191
-123.09561821,44.62539882
-73.92453778,40.82840377
-81.99701015,40.98934265
-80.82752665,35.01987893
-83.40880872,41.83590934
-81.99711291,40.9893636
-99.36565697,36.41441441
-85.88985391,42.96277599
-83.76075916,42.26416369
-84.40244512,33.75513663
-82.6899628,28.2992822
-106.5912569,35.06569707
-82.68988753,28.29924576
-72.25853359,41.80048513
-115.113321,36.11454666
-82.68988753,28.29924576
-82.68988753,28.29924576
-117.19997611,33.5697633
-84.13328995,36.91830063
-70.69516816,42.02185754
-83.12747392,39.93188439
-88.07936096,43.04718448
-77.0686525,38.95267865
-98.3246604,29.5425142
-80.82757576,35.01993212
-80.05355245,26.80401088
-90.19894711,38.62665651
151.3558724,-32.613685
-94.97644162,35.89207804
-79.37536382,43.64842391
-97.18408768,31.45767918
-77.33861331,38.85097148
-86.80108161,36.17175001
-81.83699819,34.98509967
-80.82768336,35.02013862
-110.93993188,32.22147555
-94.58622264,39.05551331
-84.47265257,42.72734406
-82.37854112,40.02221368
-110.93993759,32.22147202
-83.40458474,36.82528968
-98.38208087,34.48090015
-82.5577102,35.5945983
-90.70346534,38.7898673
-87.8708836,41.9727306
-81.22251039,28.66893774
-78.41319451,37.67509669
-71.04164739,42.52169331
-86.2677302,39.88578148
-81.30240272,28.48069692
-97.73925875,28.4066809
-70.27945728,43.69127864
-74.9740558,39.65996656
-122.15120838,37.48019376
-122.55162856,37.98059311
-97.45787101,37.7047724
-122.15113361,37.48028349
-87.65671797,41.99876794
-81.206725,29.5448625
-97.25678742,32.54853533
-86.6907116,34.4295255
-77.04349293,38.87228785
-105.42046142,35.31711103
-76.38951642,39.59946288
-105.07298469,39.70308781
-80.66546201,35.23882985
-92.18495579,31.65117576
-75.377915,40.611855
-88.36938858,42.08753817
-118.27191607,34.0723589
-77.03764558,38.89747092
-83.93477652,35.95193625
-77.07491135,39.06552203
-157.8430266,21.3016644
-117.3678688,33.2888912
-47.0623255,-22.9014089
-86.47739241,35.95264538
-119.76945757,39.17965354
-75.01730374,39.49107381
-81.8627972,34.95776257
-104.9824264,39.8255055
-71.8217223,43.1776624
-97.23587135,33.05296877
-73.99478548,40.63894548
-74.19684429,40.80127031
-122.34514638,47.4679349
-75.4484242,43.2314308
-73.99471038,40.63891782
-81.92296543,41.07483527
-97.50796421,35.33554813
-104.99459343,39.74601199
-118.24533538,34.05161048
-117.10534868,32.82439031
-104.9824264,39.8255055
-124.3641449,43.1298278
-80.06097834,26.46171958
-81.34606109,28.69872587
-104.9824264,39.8255055
-84.50415722,38.0297623
-78.69929681,42.97871321
-86.2532751,37.44998465
-122.54405745,38.0462806
-73.98669283,40.75826514
-0.0153253,51.48622944
-109.71656412,32.8328572
-71.11933713,42.33337433
-91.37816793,39.93969005
2.3257153,48.8715726
32.408088,40.1095526
-121.8774024,37.3345546
-106.80326147,32.32389084
-104.9824264,39.8255055
-5.0663516,50.4063136
-122.42615974,37.76746567
-97.44596427,32.88496157
-104.9824264,39.8255055
-83.7074494,9.3698798
-80.82754448,35.01993437
11.58561958,48.14758618
-74.2173084,41.4833536
-65.8059448,-28.4637547
-118.45167135,34.42397236
-97.44284406,35.21404283
-97.74361687,30.26960519
-86.12459939,31.75901725
-104.9824264,39.8255055
-94.32184674,35.52369558
-118.00514,34.07775
-97.8074161,32.75858063
-79.4095271,43.6655021
-76.5486982,39.3734812
-119.03582018,35.28841074
-73.9188441,40.86831258
-87.91542913,39.00236406
-90.1400246,31.5498266
-77.7879743,39.13856478
-97.72201695,30.36859697
-104.9824264,39.8255055
-82.58989722,28.34472093
-79.4095271,43.6655021
-117.8607884,33.67472936
-73.85452111,40.89509958
-117.19595974,33.10024945
-97.09798217,32.73155895
-77.2614658,38.78856478
-83.47333791,42.44996531
-118.03923837,34.14483272
-96.64331081,33.60340449
-72.644607,42.319273
-74.8281196,40.0766894
-74.48341398,39.47966253
-118.4714859,34.00990633
-88.0914584,41.4994878
-73.97837625,40.75428857
-102.13399499,32.03779157
-80.80605867,35.00918946
-116.91364602,32.81683608
-73.171372,40.7975423
-77.03416296,38.93308665
-117.19584055,33.1002883
-88.1926689,30.6776641
-80.80586251,35.00926599
-87.80134566,41.61350209
-87.80192519,41.61369729
-113.0830619,46.6305136
-111.8274222,40.6672835
-75.91731688,40.62891021
-83.03386475,40.20047962
-117.19582823,33.10031437
-80.18918919,25.80492321
-95.46237278,29.73062678
-118.24533538,34.05161048
-86.79102857,36.17937116
-82.18779509,34.74273903
-118.23632139,34.05625169
-106.0811718,28.6393253
-73.97629444,40.74767119
-81.99905005,33.22418528
-156.47256448,20.87565672
-112.19474232,33.62545636
-73.06616225,41.507277
-82.76971534,36.16058162
-71.30432067,41.74713985
-4.02144,5.32578
-82.98364632,42.54118006
-79.36083,42.19443
-80.80618587,35.00913184
-87.6674724,41.8740926
-118.2777,34.0702
-76.91483821,38.99778682
-81.1219276,32.0613288
-78.90213887,35.73955848
-83.83589028,43.06116296
-93.79446263,37.68723579
-4.02144,5.32578
-74.48992521,40.79590102
-80.12089778,26.54763703
-95.28697412,29.84794707
-83.2032901,42.72045147
-83.49315371,42.3448331
-93.16165646,45.14002371
-81.5620352,30.3258115
-94.32139495,35.52361842
-107.27443708,33.12153827
-104.6937744,40.42281128
-2.93788505,53.48382845
-71.41083861,41.81531659
-102.13393976,32.03792314
-76.73364151,39.3872671
-80.94574766,35.24483121
-97.27578968,32.86357715
-88.09155783,41.49944476
-84.89856963,40.73977312
-91.5533635,44.0091539
-92.12426805,32.53197817
-95.59626147,32.415254
-71.91994577,42.06388889
-85.0372084,35.14394193
-112.2289843,33.5187099
-81.95621417,38.44193756
-73.99343255,40.75629597
-118.43853865,33.97850279
-75.4360293,39.6845119
-80.1495573,32.99948079
-85.62375157,42.33400561
-84.46951736,33.67338773
-73.68372268,42.72897267
-93.5628263,41.3608465
-73.59964628,40.71340501
-112.01264569,33.41139223
-83.0756064,42.3587153
-87.98776693,42.97814109
-81.34451034,40.39391781
-97.85627954,30.36756258
-71.96310561,41.88394741
-80.14960567,32.99957408
-73.7915312,40.92161033
-71.96331306,41.8839371
-77.0229402,38.9934574
-95.32822893,29.99811054
-0.016077,51.500009
-87.98744993,42.9779581
-77.03855,38.905542
-82.09314093,39.32978487
-16.74872646,28.09567693
-80.14957465,32.99952446
-75.28988227,40.00834483
-122.64664724,45.36339418
-77.41287764,37.18185318
-73.9860557,40.75070048
-73.98300548,40.7391682
-76.51741161,37.06552621
-86.47735636,35.95257015
-87.98748865,42.97810008
-94.38864992,39.03304802
-96.81200038,46.83220269
-83.92783045,33.84527789
-87.98751607,42.97807052
-91.04786897,30.42208349
-118.21407722,34.62396866
-111.9802033,33.6252737
-122.81728197,39.10737878
-104.99459343,39.74601199
-84.05382461,9.93088109
-117.38264746,34.1115536
-95.95938984,41.25761732
-73.78923553,40.90751177
-58.38198421,-34.61711843
-78.84460237,38.42244613
-73.9814661,40.73808967
-78.72349355,38.71509132
-115.23936887,36.309039
-73.98149037,40.73807426
-77.03475307,38.90125316
-114.1688846,46.9641074
-84.74474151,43.5805835
-81.32225587,28.62435164
-87.93704845,41.88511922
-121.41554053,38.57985363
-87.69756353,40.63195607
-77.015136,38.9180046
-75.0339124,40.04084402
-97.76966674,30.21328214
-75.16600185,39.91731764
-114.1688953,46.9641065
-86.52544845,39.13395265
-90.25263776,38.58899017
-87.63886314,41.87766008
-111.93533007,33.396327
-104.9824264,39.8255055
-0.33811646,51.74908861
-122.42615974,37.76746567
-60.01822971,-3.1040061
-75.4484134,43.2314347
-89.38603653,31.32095465
-75.4484128,43.2314358
-97.31379301,32.86327368
-81.49047126,41.51073476
-96.910668,32.6376484
-73.997312,40.75505221
-97.39879008,33.04065401
-73.9803951,40.78843069
-79.9530079,40.4358407
-80.3304093,25.99229532
-90.82680845,38.86375487
-84.13798348,41.38834844
-104.9875403,39.7426643
-82.29973383,27.87146878
-79.2959737,43.6709929
-79.02469302,43.08964569
-80.33031464,35.05391962
-81.19806954,28.86003363
-87.69739956,40.63202505
121.52641566,23.89971632
-0.1277695,51.6174022
-117.57403689,33.6226532
-82.37413705,29.6929605
-118.2232534,33.9486581
-78.85612964,33.72191191
-82.85709398,29.63956758
-77.33942896,38.67281633
-82.68988579,28.29924218
-82.68988579,28.29924218
-82.68988579,28.29924218
-82.68988579,28.29924218
-82.68988579,28.29924218
-82.68988579,28.29924218
-82.68988579,28.29924218
-117.12408827,33.16303593
-121.80498238,39.73589674
-80.62764915,35.14335654
-83.0471553,39.9969504
-119.05958304,34.2158907
-79.39440632,43.64061931
-97.29763307,32.8926989
-96.7440928,33.05726474
-90.43179235,40.01642804
-78.84630547,35.73110962
-75.09912956,39.99359254
-76.9755423,38.9294253
-98.6596201,29.7151971
-75.26886099,39.97437231
-106.58438928,35.1261461
-77.62690636,37.61631373
-82.2333144,35.1059073
-73.6838023,40.9936477
-78.84998772,38.4151438
-74.17338954,40.79554702
-112.07250031,33.45972685
-61.64257143,16.26558278
-73.68374497,40.9937364
-82.82123873,41.65137512
-75.16248109,39.94831496
-75.11892828,40.17074667
-87.29106361,30.52659157
-121.9225659,37.70394162
-78.81098513,42.88898206
-82.22219447,27.8525042
-91.64907782,44.04806372
-86.47734156,35.95286527
-73.68370732,40.99337953
-71.3015819,42.69653708
-77.62702615,37.61631906
-117.41450972,33.87536359
-77.0155301,38.9512899
-75.1311294,40.07708032
-77.6269362,37.61651259
-87.90351788,42.88279634
-95.65123537,29.69995953
-91.5177838,44.8026826
-82.8213492,41.65136326
-91.517772,44.8027018
-76.31475655,39.53514791
-89.8017151,35.13920579
-77.029,38.8991
-87.66180037,41.98806167
144.87646838,13.52744126
-77.62700351,37.61629575
-83.66291148,41.41239834
-87.6604061,41.9866513
-95.17971094,29.99640398
-74.01772883,40.63353731
-80.92393,46.48916
-97.52563451,35.53203514
-71.10359594,42.34194373
-71.7573489,42.2551295
-73.94445807,40.71486754
-88.06811215,30.6813388
-157.760428,21.3819467
-111.57807079,40.73838935
-70.22528004,43.63465628
-81.80778144,41.31122693
-105.1766521,39.7268068
-75.4484125,43.2314248
-123.05598211,47.29071168
-123.05604531,47.29075723
-120.98061433,37.6886843
77.5522026,12.9143987
-72.86821269,40.74610464
-77.06424196,38.83652405
-77.01943246,39.00243597
-115.1089745,36.2678319
-123.51147635,46.53966354
-88.0405811,44.5116117
-77.3692995,35.6041011
-84.10161218,33.90205468
-122.39259271,37.78221331
-93.21009346,37.1792404
-94.70489735,38.90727894
-93.286027,44.898603
-85.79772624,38.43757485
-93.286059,44.898606
-115.10916396,36.2675725
-92.89488924,42.05563703
-78.83023149,35.99191615
-92.01725296,30.12465768
-80.12183519,25.8159718
-83.2441703,33.1335498
-118.00540958,33.84009143
-74.25279985,40.79094656
-74.2529758,40.79091536
-80.90790909,32.28614039
-77.015427,38.950899
-76.24792253,36.70988944
-81.91825631,40.85076702
-7.7512981,40.6097827
-122.18080123,37.44480569
-74.27194787,39.72815998
-77.1900621,40.3979892
-95.37815199,29.80364913
-71.26965616,41.53825455
-86.86392151,40.66198998
-97.430259,42.02820644
-76.62756175,39.19959302
-121.37222532,38.61456863
-111.77593575,33.36919711
-93.83836821,32.23768338
-121.92269822,37.70391914
-77.1900621,40.3979892
-106.78188895,32.36086648
-75.85810251,41.3663959
-114.57306907,35.15460461
-87.77167138,30.87760196
-122.25587733,37.8913502
-98.6814898,29.46181309
-122.40601596,47.12082697
-87.77169887,30.87764915
-117.54596,34.112279
-75.23131239,40.02074213
-73.98556707,40.64463013
-77.1900493,40.398009
-114.57307164,35.15451034
-76.63584711,39.36582687
-96.9974658,28.8747248
-95.28810449,32.31464703
-84.09182488,36.12779859
-98.22689517,26.24054482
-85.76899814,38.21240696
-80.08179018,32.92675451
-81.7121194,41.4285066
-90.48104337,38.57374588
-75.64540256,41.42874372
-81.5809953,41.50996492
-96.56046527,32.75686568
-95.39828273,29.74945707
-77.65155895,42.31966099
-73.95115455,40.82552759
-117.16627197,32.7143122
-96.18650824,41.24324324
-97.37107373,27.67788913
-76.89290882,39.92154562
-84.51353308,38.86139415
-88.36574436,37.24236684
-96.18650824,41.24324324
-104.98262513,39.61719397
-74.03085751,40.97370751
-86.47722059,35.95262397
-122.144903,47.600636
152.99905193,-27.46468189
-96.86349053,32.74577808
-117.02843126,32.4992702
-105.96348522,32.84606438
151.71371461,-32.92223035
-121.26065296,38.80953742
-77.03089295,38.91947473
-76.86453241,39.09679216
-82.53236206,40.77099743
-111.97190742,33.52379155
-122.78474464,45.51722897
-74.17344068,40.79573887
-102.14742632,32.01509721
-80.62764923,35.14335729
-92.09052775,46.73177935
-85.63399,37.07221
-86.33648487,41.73521963
-93.23533981,44.69227347
-74.17344068,40.79573887
-73.92712592,40.70196985
-74.1735759,40.79571114
-122.2802445,37.8125876
-81.22836757,42.99450149
-74.17346855,40.79572099
-73.82232855,40.67540441
-92.43300741,41.96390909
150.95083857,-33.73676179
-76.89291123,39.92155503
-79.51518,43.64541
57.41516058,-20.50944643
-111.71120793,32.87548871
-77.88853373,40.79928662
-83.06570957,42.36547674
-118.31848943,34.09956519
22.15252519,65.60308134
-79.89059626,36.06878889
-84.81453719,38.18112261
-84.07296041,33.35391488
-118.3543832,34.09694565
-85.13312217,42.06753261
-96.6170831,40.7573017
-109.73737635,32.82378641
-87.77170256,30.87761009
-118.4985002,34.02937959
-97.90532315,31.09892646
-90.2577943,32.3330414
-76.98960952,39.82421588
-87.29393659,41.16186719
-72.97170554,41.33016677
-87.77189992,30.87779922
-90.2577435,32.3330688
-78.84451302,38.42267029
-83.01292072,40.07353137
-89.4014523,43.06770002
-83.01287709,40.07340554
-96.57583358,39.1846346
-111.7554679,40.3863475
-122.33559786,47.61587568
-88.22131949,40.10962038
-119.0035833,35.27541686
-118.242201,34.15039134
-86.3814844,34.6893554
-97.08034574,32.8747848
-97.1327804,27.9590985
-95.7587174,29.7631979
-123.85401338,46.1809514
-0.3821959,39.4657062
77.1890458,28.5624824
13.52712153,59.39351573
153.07783198,-27.56091681
-122.18381541,47.7472706
-117.06933688,32.72343732
-96.57585746,39.18470417
-116.503154,33.833257
-87.8266052,43.5715346
-93.2649,44.979
-86.5104342,39.16522396
-96.57581035,39.18466035
-122.63769672,38.46832614
-92.3337865,42.6678292
-74.00001602,40.71669795
-83.9206593,36.082967
-107.8774,37.10018
174.84250638,-36.85007936
-110.95454285,32.07310836
-74.83812734,40.07754202
-111.93052929,33.41808231
-93.28657294,37.22144411
-99.23569729,19.31701231
-97.66238813,31.08353574
-81.20453699,37.79474814
-97.96922828,29.83908642
-102.88013024,31.5869975
88.30711223,22.50604949
4.390106,50.847751
88.30711223,22.50604949
-77.31157965,38.83409285
-88.09153359,41.49950672
-122.35199369,47.1854608
-88.09153411,41.49954155
-0.2160614,51.4904226
-122.6375869,45.5501101
-118.24533538,34.05161048
-89.1313984,42.2694721
-94.0159664,41.6135815
-81.8466172,41.36960841
-118.26251593,33.93144515
-117.16559554,32.75074372
-97.82968034,28.09042702
-90.16474505,41.64219454
-81.84668309,41.36964681
-118.17597234,33.77306982
18.0701604,59.3152427
10.198789,56.198051
-87.55014851,33.17876397
-81.45924,33.93513
-97.73911843,28.40696433
-118.13767409,33.79035882
-75.79951664,39.98479377
-76.8825,40.26
37.57885084,55.78824802
-73.98620203,40.69284906
-17.4466922,14.7268708
-9.09904258,38.74751841
-46.68426595,-23.55436861
-95.9531702,36.1909415
2.32787705,48.85742466
-85.63399,37.07221
5.1682136,51.5888178
36.8500253,-1.2759716
-95.94677741,41.25537149
-88.0237951,41.975065
-77.35970411,38.93562064
-58.22040962,-34.55022168
174.70125683,-36.8590565
-95.94678278,41.25540274
3.41046,6.45659
-111.8891271,42.08138113
-85.63399,37.07221
-85.63399,37.07221
-75.2469916,39.9594929
4.25962806,52.04373809
5.4314982,36.2065443
-96.93603835,32.87261099
-77.437986,38.811368
-73.77778723,40.6998481
-87.62592285,41.89953216
-114.08007565,51.04790446
-78.84440989,38.42244463
-86.8535315,33.4832766
147.07243931,-38.09260288
-84.1991726,39.7539176
-80.1937992,25.7919077
-73.9698217,40.6785142
-73.98245126,40.67031306
-72.66380933,40.91458973
-78.84454676,38.42235997
-77.53780488,35.89721447
-97.381273,32.6813692
-71.26987996,41.53820168
16.41427264,48.2145496
-80.81994,41.79766
-82.4941446,32.51029632
151.14713982,-33.85925234
-83.98869812,34.10337542
-104.50970352,41.12947425
-80.31158,36.06455
-74.19170618,40.72830569
-83.90949134,42.61899296
4.25957785,52.04375666
-76.79892545,39.41793666
-86.1799368,41.69728075
-84.5346707,42.7304857
-84.2999357,33.65620315
-74.0324338,40.783532
-79.03472826,35.93047746
-91.16954492,30.43826662
-91.16934462,30.43831442
-97.38118517,32.68132721
-82.81132292,43.01289229
-91.16942662,30.43840377
-80.84092467,35.22495341
-6.24842,53.33802
144.97653076,-37.85901017
-96.92046534,32.92132704
-112.03793815,40.50447087
-75.7213795,41.40108306
-87.90968018,43.04137104
-87.90968018,43.04137104
-89.48916177,43.10274021
-90.06712066,30.00206003
-76.2220351,36.9353197
-77.04113568,38.92209122
-97.0719221,32.86062999
-77.13903492,43.04264251
-96.64638117,32.86237506
-87.73655222,41.83827023
-76.3073026,36.94812185
-81.78844744,32.42284847
-96.86997769,33.19246731
-93.816692,38.38981
-80.73972853,35.16962052
-84.3230891,37.82253123
-81.05861643,37.43786235
-96.64625176,32.86235754
-80.73980606,35.16961583
-76.6155346,39.30190319
-88.16057115,42.3583876
-88.80922909,33.44945455
-81.1219278,32.0613292
-88.80919866,33.44937667
-84.29518502,30.4732866
-95.45549161,32.49661663
-73.997496,40.722486
-75.584903,39.751256
-85.49167886,32.57021292
-99.15201039,28.66555074
-77.12290244,38.87941101
-81.35680538,28.35367073
-81.23695777,33.98892798
-97.14076113,33.61615605
-96.0884605,32.3603677
-89.15521235,13.6564621
-77.12308886,38.87952177
-74.36029212,41.25701575
-3.30255149,55.95742667
-117.38272585,34.1115195
-97.70794855,30.31644764
-74.251384,40.877331
-93.15367389,44.75351262
-74.24431072,40.7447948
-73.97030331,40.78921521
-85.24378328,33.76414864
-87.73894813,41.78956373
-96.8702547,33.1923228
-74.07316198,40.71272895
-106.7052962,35.0354899
-3.6966585,40.41896458
-74.07303398,40.71269282
-74.018208,40.635799
-75.33784039,40.08304418
-72.74109103,41.66077511
-83.45499,41.52294
-74.07292896,40.71288741
-90.58532069,30.46477573
-122.66187,45.53024
-75.20792624,39.95209412
-80.872292,35.2429006
-85.98732714,39.83699998
-77.1900246,40.3980114
28.97181,41.005442
-71.08582538,42.3394109
-93.25085049,44.11168665
-94.54731156,39.15099865
-84.37980609,33.77772334
-117.23552768,32.94574469
-96.7957908,32.767448
13.0270853,55.5808297
-121.15711387,38.74038205
-73.997496,40.722486
-84.1991726,39.7539176
-95.23029988,29.93745343
-95.23029988,29.93745343
-87.87380057,41.81660911
-94.38330059,35.42411617
-85.17035988,39.42894392
-83.92782464,33.84527465
18.13213853,57.48236014
-97.74361687,30.26960519
-73.73806768,42.62607097
-117.0593147,33.1284441
-84.776747,43.591463
-81.13832889,33.93505497
-105.27863092,40.01389611
-104.99459343,39.74601199
-97.69511815,30.46729323
-93.20828391,37.01308563
-70.60131675,-33.48054952
-77.36524337,35.60567792
-77.80963202,39.43482439
-76.88424694,40.94795143
-80.78983094,35.5346239
-92.5822354,38.3537357
-76.0374037,39.63038032
-119.1928727,45.7620618
-105.04041978,39.65138993
-123.02259801,38.31493983
-104.99459343,39.74601199
-77.029,38.8991
102.3466905,2.3850876
-73.71216445,41.51488673
-93.20828175,37.01305061
-71.10777492,42.35108912
-122.21620987,47.24265752
-77.0192031,38.9510273
-96.02989291,41.19007102
-71.8166074,42.2532494
-84.05674554,39.77791288
-81.44102551,28.4796428
-88.00244112,43.00227
-73.174949,41.2597748
-87.3965267,46.54492221
-79.38930784,41.20839961
-79.37837467,43.65155214
-77.86005297,40.80059872
-117.8772767,34.1359559
-85.63688136,43.02748463
-84.36749544,42.27672723
-74.73830597,39.45329012
-102.13401787,32.03779637
-92.28784798,38.97507463
-102.13401486,32.03783627
-76.13831,36.86596
-122.21631117,47.24268555
-74.1879446,41.371981
-97.74959327,30.27650253
-71.06940939,42.28081442
-82.34451234,29.64884016
-118.17274778,33.77558904
-87.65738181,41.99454109
-102.1336613,32.03779079
-95.38969156,29.76838376
-96.79759397,32.80386359
-90.26572741,38.63517988
-96.09144195,29.3246274
-118.25657589,34.04744088
-109.73746533,32.82409096
-109.73724279,32.82385353
-109.73730351,32.82386361
-117.54373417,34.10739503
-77.04426891,38.9073384
-76.8325535,39.1278549
-85.30761069,41.01770775
-122.5523614,47.2194857
-81.474869,36.8786763
-119.33478353,36.18619448
-109.73737567,32.82399564
-97.90530292,31.09882805
-87.62626724,41.88804564
-86.56013039,36.20746718
-97.1327825,27.9590969
-80.75985756,35.41263629
-122.5520897,47.2192096
-81.35680538,28.35367073
-122.25574066,37.85045806
-118.639134,34.173182
-86.4773968,35.95256064
-100.32978178,31.66179002
-114.0332942,51.051601
-118.639123,34.173206
-118.23962244,34.05540877
-122.18950299,37.8214134
-109.73729789,32.82392979
-95.89157039,36.13419599
-82.3800711,29.6243731
-84.47249781,34.04905123
-90.46774371,38.69021733
-79.96515146,37.77431826
-77.60101935,39.14211186
-84.46734619,34.28393469
-102.13401469,32.03783728
-96.16679533,42.78946542
-118.33831298,34.07760446
-102.13401742,32.03779712
-112.4454362,33.63544823
-102.13382022,32.03782965
-86.61735633,34.9329001
-95.02878196,29.46070055
-102.13417998,32.03797633
-84.14609084,41.3956757
-77.03106533,38.89386039
-117.14164191,32.75780675
-96.4059723,30.15926869
-77.00475359,38.88486875
0.0,0.0
-84.1991726,39.7539176
-80.19400059,25.75892542
-90.20920322,38.60930969
-118.33844779,34.07762318
-89.99806745,38.79128893
-73.99024308,40.73225477
-72.90315965,41.64936307
-87.6593659,41.9878863
-80.14678442,26.07334112
-122.47353653,48.77342829
-77.00615314,38.90955919
-81.29950165,28.97113524
-77.35182049,39.05083928
-112.094118,33.445715
-87.6583619,41.9883629
-87.60424857,41.78770583
-102.13387957,32.03793484
-86.61718148,34.9328847
-89.3977082,43.0529979
5.05591211,52.02150324
-84.36178313,39.35344071
5.05584673,52.02152087
-97.76774403,30.43598311
-118.24533538,34.05161048
-90.11339835,29.96201281
-91.15339236,30.64869822
-118.45984219,34.03909448
-68.0230333,10.19156552
-98.77020045,38.37142329
-75.20994544,40.69707105
-117.07350145,32.77140246
-149.89148643,61.19551543
2.29975367,48.88353522
-106.62510033,35.0758387
-122.2408981,47.2032363
148.16357678,-33.901671
-81.80971419,30.30894779
-112.26680043,33.66774435
-90.46780579,38.69019231
-80.02510683,40.43682218
-92.05333845,30.2167677
-92.05420637,30.21692097
-95.33078436,29.69504318
-96.57924509,39.19000726
-87.6656123,41.962986
-121.70291252,37.68680219
-157.88129596,21.32584054
-90.66076699,40.46580598
-98.7700681,38.37162496
-79.768352,34.196374
-117.13056799,32.78417398
33.76512648,-13.98829457
-85.0830409,41.13986688
-85.70708583,38.17395911
-75.91041959,42.13567143
-87.89639913,42.30699254
-115.14628049,36.28249195
-95.90980471,33.2408325
-86.05593804,33.94793047
-80.8276702,35.02015069
-95.23278151,29.5625355
-79.8670892,36.12314246
33.76512537,-13.98829916
-80.26886424,36.07630717
-104.96013675,39.67696202
-77.8753843,34.22534908
-73.9317571,42.7132449
-79.86693566,36.12298891
-73.98131632,40.75336057
-84.5611428,33.77549894
-87.45005775,46.55599693
-112.08851452,33.48258356
-86.05600928,33.94821959
-84.74458477,33.72803916
0.0,0.0
-80.02519601,40.43677411
-82.09945585,39.32547452
-76.49319453,37.06255429
-97.78708807,30.51492016
-81.05861416,37.43784994
-76.9352285,38.62515731
-115.26249223,36.1436522
-109.73726051,32.8239103
-122.359489,47.626605
-80.3691986,25.6709526
-81.35680042,28.35367774
12.45346586,41.96155146
-77.08885846,38.93763208
-115.14638971,36.28252474
0.47419382,52.37247286
-122.8727133,44.8428848
-76.89646568,40.23023128
-122.70951765,47.65582199
-87.75923275,42.10988042
-93.77652947,41.58916387
-117.28965585,33.18516487
-80.776516,35.313787
-121.47886353,38.56689474
-120.692653,35.502246
-81.59887354,38.33038325
-122.8726604,44.8428924
55.27696019,25.23449621
-96.75158079,32.98973486
88.3089682,22.5071998
-80.27697361,25.70554717
-86.92723093,35.89243419
-122.8726777,44.842889
-96.88304681,35.70961397
-102.13401505,32.03783542
-87.6655498,41.9629531
-149.89717713,61.18822277
-73.98541764,40.76315818
-104.69172995,38.71520866
-91.3615035,39.92989737
-118.24533538,34.05161048
-96.80234761,32.98721984
2.15931084,41.3759056
-84.73370581,39.50721539
-104.81426259,40.20496375
-21.90648416,64.14289137
-84.559235,38.21009944
-96.88304054,35.70963853
-97.14772939,49.89684764
-118.45149569,34.05354764
-77.015609,38.9512829
-93.24112694,44.08403256
-97.14781199,49.89682631
-66.21404548,18.37622509
-80.3692306,25.6709883
-122.68230179,45.52815555
-84.62788747,35.26209231
-114.29577888,48.20532269
-77.58246977,43.14676606
-82.58041474,29.81871356
-71.119157,42.3529097
-96.98279796,33.02651231
-92.97109364,45.1072669
-117.41534438,33.8757003
-97.38757825,27.64738723
-77.0190157,38.9511635
-95.63035337,29.59109133
-80.02000738,40.39154138
18.0501131,59.3299951
-74.3909965,41.4557869
-82.2333156,35.1059058
-87.90364996,43.05199313
-118.45079904,34.19506971
-122.64210301,45.45441466
-81.33247147,41.15283223
-122.4018178,37.7961703
-79.9556883,39.6346438
-118.42559844,34.03770164
-120.32923338,46.38360653
-115.5566962,32.7796288
-74.4013473,39.3853971
-122.27410533,37.80471066
-77.05076722,38.90131537
-117.01306138,46.72749376
28.857543,41.004028
-80.15934011,26.45014731
-78.55390395,35.86325518
-82.35691523,28.03980016
-75.4484202,43.2314893
-80.39328312,25.52609323
-72.25574981,41.81659255
-78.55396718,35.86324236
-81.35512618,33.99960532
-78.50491054,38.03344968
-104.95656033,39.74005487
-75.1618644,39.95243606
-97.5164276,35.4675602
-122.2740196,37.8045749
-72.6186867,42.1716455
-122.8726328,44.8428839
-121.35502797,38.66157623
-84.1991726,39.7539176
-116.18864724,33.73196005
-0.27070081,52.0468447
148.16357422,-33.90166092
-98.55461814,34.62439334
-77.89145438,40.80548591
-80.09972513,42.06487948
-88.42675282,33.52904452
-122.872652,44.8428791
-122.8726447,44.842885
-123.07960501,44.61371966
-73.98572587,40.75463997
-76.5581269,39.1334155
148.16357425,-33.90166106
-78.55400599,35.86321106
-1.53798526,53.66814622
-93.16869173,44.96547163
-84.25917571,39.63336675
-77.07956271,38.86539466
-77.04202278,38.92653742
-112.03142762,33.52928604
-76.5581346,39.133418
-75.60902604,43.98051955
-79.67432927,35.85826234
-122.8725981,44.8429176
11.58561958,48.14758618
-74.09300195,40.61555145
-73.98327217,40.76388396
-73.89136902,40.69655779
-122.8726213,44.8428849
-73.9723052,40.76620289
-118.37167958,34.08789543
-117.26404787,33.04905773
-77.00475359,38.88486875
-84.1592398,33.7032421
-84.8773772,34.1676881
-74.4184219,40.3995611
-83.97823474,30.83889802
-87.826604,43.5715331
-88.40070412,44.26509506
-122.8726495,44.8428847
-122.43152322,40.47535837
-80.75975633,35.41266072
-81.5578643,39.2859495
-90.72162,38.73811
136.1302492,35.11569388
-88.20566151,41.51665778
-96.06844674,41.26653143
-2.23116779,51.74041436
-121.29798013,38.27350382
-74.02104397,40.61799144
-81.90764833,41.43723731
-74.02104397,40.61799144
-121.2979236,38.27370176
-71.012504,42.79096765
-122.8726488,44.8428815
-75.18719763,40.03490707
-87.65495754,41.87424058
-74.02113198,40.61799374
-77.2721082,40.38558548
139.47684068,35.91281478
-75.34049389,40.57588266
-122.908622,45.5452737
-82.65110915,27.79451702
-92.27405874,31.24167838
-74.02110105,40.61799215
-74.02110105,40.61799215
-74.0211169,40.61800208
-74.0211169,40.61800208
-96.88304563,35.70961965
-88.25334261,30.82071766
-76.30551994,36.88078475
-73.99340255,40.73664234
-122.8726434,44.8428819
-82.81126982,43.01288414
-71.01303216,42.79123474
-105.01575449,39.6087758
-74.02113123,40.61800963
27.85645253,-21.98528291
-76.3317184,40.1077124
-119.25287555,36.34329885
-74.02110759,40.61799735
-112.04470433,43.50838633
-119.25300754,36.34356044
-86.1596193,39.7839072
-71.74584198,42.83568254
-102.1340173,32.03779599
149.15731832,-35.33590065
-117.2641795,33.0602864
-71.74583067,42.83594662
-115.0271827,36.09348893
-102.13366189,32.03779726
-121.65403043,36.73087219
-92.33809535,38.95225598
-74.04280004,40.74156957
-84.26913137,32.1427469
-121.65416622,36.73087047
-74.08277647,40.94759924
-122.3287648,47.66094
-87.6634562,41.9418195
-122.4437155,37.77141411
-0.36448329,51.45765182
-79.9797047,39.8785659
-73.9317635,42.7132569
-77.95900303,39.44093117
-98.4347214,29.7973753
-122.93308262,46.136589
-92.0105097,30.1731167
-81.4796925,41.0646325
-74.00332408,40.73355709
-0.37457325,51.53065923
-82.37991487,29.62291786
-69.96418241,43.91331022
-76.93710146,38.98170979
-90.33713131,38.8055244
-97.7091555,30.4041696
-72.44766344,41.8559078
-70.9146485,42.5029022
103.75476517,1.39878551
-117.12407218,33.16293603
-82.36847352,28.05226004
-72.51936922,42.11898793
103.75482229,1.41600649
-84.35760743,33.81934543
-79.6075171,37.878242
-74.17387557,42.71818184
-79.6075171,37.878242
2.35861039,48.88112529
-74.3670746,40.64158538
-108.24408707,39.32700011
-90.11810383,29.92410762
-118.02448152,33.77245545
-118.4401777,33.9806818
-84.03019715,35.92933254
-121.90754532,36.5968813
-72.44746606,41.85565432
-81.71899357,26.24699755
-73.9121867,40.7127876
-72.44746606,41.85565432
-122.14107399,47.62803284
-74.04361305,40.7162916
-74.04361305,40.7162916
-96.79290503,33.07147077
-74.04361305,40.7162916
-84.48350948,34.01989771
-97.64269341,30.53793769
-76.78289957,40.2513956
-97.89167804,30.25326883
-81.2057435,33.9435314
-74.04361305,40.7162916
-76.68694249,39.10632791
-74.04361305,40.7162916
-76.94600984,38.83911015
-118.30076195,33.73205232
